Video_title,Comment_content
香港揀大學定學科重要啲？DSE失手點做好？成績比預期好應該轉神科嗎？DSE放榜過來人經驗分享 - YouTube,三年前開始睇以為好耐先到我原來聽日就到我放榜😢😢，好緊張好驚😭
香港揀大學定學科重要啲？DSE失手點做好？成績比預期好應該轉神科嗎？DSE放榜過來人經驗分享 - YouTube,"今集每個成員嘅分享都好好:yougotthis:
從唔同嘅角度去俾DSE放榜同學仔意見:virtualhug:

btw想睇Yuina校服😂"
香港揀大學定學科重要啲？DSE失手點做好？成績比預期好應該轉神科嗎？DSE放榜過來人經驗分享 - YouTube,"我依家嘅situation就好兩難 best5得16，34333
我好想讀poly hotel man但唔夠分，MU hotel man就啱啱meet到中位數
我有諗過想試下兩年hkcc再上poly hotel man，但我屋企人對我會勤力讀書呢樣野冇信心，覺得我穩陣去MU 讀個degree就算，之後master再洗底

真心唔識揀😂"
香港揀大學定學科重要啲？DSE失手點做好？成績比預期好應該轉神科嗎？DSE放榜過來人經驗分享 - YouTube,"作為29歲過來人如果無話特別興趣，家底又一般，絕對係簡專科，千奇唔好因為為大學名簡非專科，除非你能力搞唔惦，為興趣其實絕對可以SIT堂/MINOR,甚至DOUBLE MAJOR或者自學(而家呢個年代好多野可以自學E.G唱歌拍片日文)，但係專科畢業出黎係有牌唔會咁容易比人取代到。E.G讀醫療科好似讀nursing，可能一開始好辛苦人地放假你又要實習，但當你到準備畢業果年你會舒服好多。非專科畢業年搵工真係好難，人工又低。除非你諗住考公務員/去外資大公司or繼續讀上去or海上升學，咁就的確簡三大會有優勢d。"
香港揀大學定學科重要啲？DSE失手點做好？成績比預期好應該轉神科嗎？DSE放榜過來人經驗分享 - YouTube,謝謝你們年輕人👍🏻
香港揀大學定學科重要啲？DSE失手點做好？成績比預期好應該轉神科嗎？DSE放榜過來人經驗分享 - YouTube,如果dse中英冇3，想靠asso博上大學都係要retake補返跛咗嗰一科，冇得避
香港揀大學定學科重要啲？DSE失手點做好？成績比預期好應該轉神科嗎？DSE放榜過來人經驗分享 - YouTube,"屋企人都係做工程項目，做過三間，其中兩間老細都係請Poly唔要Kong u, 因為kong u 全部得把口做唔到嘢😅"
香港揀大學定學科重要啲？DSE失手點做好？成績比預期好應該轉神科嗎？DSE放榜過來人經驗分享 - YouTube,No retake，下年改左制度，好多大學唔承認通識
香港揀大學定學科重要啲？DSE失手點做好？成績比預期好應該轉神科嗎？DSE放榜過來人經驗分享 - YouTube,如果系中文麻麻地的英籍国际学生，有机会入港大和中大，边一个校园生活会多元化D？ 边一个会系大部分港人的选择？
香港揀大學定學科重要啲？DSE失手點做好？成績比預期好應該轉神科嗎？DSE放榜過來人經驗分享 - YouTube,淨係想講 如果想讀社工又入唔到U一定要揀hd rather than asso🫠
香港揀大學定學科重要啲？DSE失手點做好？成績比預期好應該轉神科嗎？DSE放榜過來人經驗分享 - YouTube,肯定揀科目比揀大學對更影響工作前景
香港揀大學定學科重要啲？DSE失手點做好？成績比預期好應該轉神科嗎？DSE放榜過來人經驗分享 - YouTube,今年考18分，过了33222，大学基本上没什么科选
香港揀大學定學科重要啲？DSE失手點做好？成績比預期好應該轉神科嗎？DSE放榜過來人經驗分享 - YouTube,"想睇阿添着校服多D,應該會好型~資訊性好充實!!!"
香港揀大學定學科重要啲？DSE失手點做好？成績比預期好應該轉神科嗎？DSE放榜過來人經驗分享 - YouTube,想睇校服!!!
香港揀大學定學科重要啲？DSE失手點做好？成績比預期好應該轉神科嗎？DSE放榜過來人經驗分享 - YouTube,小學畢業嘅我表示放榜加油😂
香港揀大學定學科重要啲？DSE失手點做好？成績比預期好應該轉神科嗎？DSE放榜過來人經驗分享 - YouTube,係呀，我係今年畢業，但係小學畢業😂
香港揀大學定學科重要啲？DSE失手點做好？成績比預期好應該轉神科嗎？DSE放榜過來人經驗分享 - YouTube,有冇興趣挑戰今年數學卷
香港揀大學定學科重要啲？DSE失手點做好？成績比預期好應該轉神科嗎？DSE放榜過來人經驗分享 - YouTube,想睇Yuina 校服裝
香港揀大學定學科重要啲？DSE失手點做好？成績比預期好應該轉神科嗎？DSE放榜過來人經驗分享 - YouTube,想睇yuina校服
香港揀大學定學科重要啲？DSE失手點做好？成績比預期好應該轉神科嗎？DSE放榜過來人經驗分享 - YouTube,DSE Add Oils!💪
探索最強康文署健身室 I 絕無僅有 - YouTube,胡力威 師傅 去咗大埔去康文署做經理🤣🤣
探索最強康文署健身室 I 絕無僅有 - YouTube,多謝你哋🤗辛苦晒💪🏻😘特別係為咗今集，竟然不惜重本去做多6張月票😱真係冇嘢好講🙇🏻‍♂️🫡
探索最強康文署健身室 I 絕無僅有 - YouTube,大埔體育館 換入史密夫架之前. 係用BENCH + RACK(無SAFETY SUPPORT既) 連BARBELL 既. 當時我用過O黎練REAR SHRUG. 點知放返落架既時候有一邊放唔到. 拉傷左一邊助骨......所以我都幾鐘意佢地換左史密夫架. 起碼一條友練都安全O的.
探索最強康文署健身室 I 絕無僅有 - YouTube,試Smith比阿伯問有冇玩開😂😂比阿伯笑細隻
探索最強康文署健身室 I 絕無僅有 - YouTube,下次大西北一定要去保榮路體育館，極大但極之浪費位置，如果可以用得盡擺位，一定揮低所有康文署Gym room 🎉
探索最強康文署健身室 I 絕無僅有 - YouTube,港灣道基本上過12點就唔駛去，因為12-2 附近office 人襯lunch time 操，之後就到附近街坊做，5-8放工又直程2班人打混戰，可以直入都算幸運。月票都要排長龍，如果要用時飛上網買定就最好。
探索最強康文署健身室 I 絕無僅有 - YouTube,大埔幾間康文署都算足料，但放假同夜晚都係好full同要排隊等位入 ，龍門架/史密夫輪街症咁😂
探索最強康文署健身室 I 絕無僅有 - YouTube,"拍片唔易
要抽幾日拍
用心制作
支持👍
辛苦晒"
探索最強康文署健身室 I 絕無僅有 - YouTube,鍾意呢個系列，特別係介紹器械個part
探索最強康文署健身室 I 絕無僅有 - YouTube,大埔體育館陪伴左我健身生涯頭幾年 當年仲有大龍門架同埋cybex 機 絕對係最強康文gym d機應撚過宜家出面大場 絕對夠玩
探索最強康文署健身室 I 絕無僅有 - YouTube,期待下集大西北！
探索最強康文署健身室 I 絕無僅有 - YouTube,大埔體育館始終係我覺得操野最好既
探索最強康文署健身室 I 絕無僅有 - YouTube,唔計大場，以我多年係康文操練既經驗，屯門，大埔，荃灣區既人健身水準幾高，同埋較多人玩健美😂
探索最強康文署健身室 I 絕無僅有 - YouTube,車公廟康文署絕對值得一去
探索最強康文署健身室 I 絕無僅有 - YouTube,幾時拍埋東昌街果個呀 好期待你拍
探索最強康文署健身室 I 絕無僅有 - YouTube,去過最細又去過最大，而家去緊出面會員嘅，支持拍埋大西北
探索最強康文署健身室 I 絕無僅有 - YouTube,紅磡市政大廈體育館唔知係唔係新開左健身室但得36平方米，有無機會係最細
探索最強康文署健身室 I 絕無僅有 - YouTube,桿鈴區無木板踩腳底既。奧林匹克即係舉重標準，即係舉重台，應該有彈力舉重餅，舉重台可以舉高掉杆。😅😅😅
探索最強康文署健身室 I 絕無僅有 - YouTube,比磨菇幅圖笑L死🤣
探索最強康文署健身室 I 絕無僅有 - YouTube,辛苦晒，多謝介紹，多謝蒐集。
全港”最細/西”康文署健身室!?|百無!!迫到無朋友!! - YouTube,不如整個酒店gym room series😂
全港”最細/西”康文署健身室!?|百無!!迫到無朋友!! - YouTube,其實啞鈴有75磅就算少器材都唔算好差，一對啞鈴都玩到好多動作！
全港”最細/西”康文署健身室!?|百無!!迫到無朋友!! - YouTube,寶林 / 將軍澳 應該都算細掛
全港”最細/西”康文署健身室!?|百無!!迫到無朋友!! - YouTube,你啲片幾好，好寫實，keep住！！！
全港”最細/西”康文署健身室!?|百無!!迫到無朋友!! - YouTube,不如拍晒全香港所有康文署健身室系列。全制霸😂🎉正
全港”最細/西”康文署健身室!?|百無!!迫到無朋友!! - YouTube,"曉光街同順利大概距離只差1公里左右, 設施好好多"
全港”最細/西”康文署健身室!?|百無!!迫到無朋友!! - YouTube,鳯琴街先係細場地獄😂
全港”最細/西”康文署健身室!?|百無!!迫到無朋友!! - YouTube,仲諗住有恒安邨體育館😂
全港”最細/西”康文署健身室!?|百無!!迫到無朋友!! - YouTube,上水天平係全香港最細最西康文gym room 連啞鈴都冇😂😂😂😂
全港”最細/西”康文署健身室!?|百無!!迫到無朋友!! - YouTube,梨木樹鄧肇堅體育館真係大魔王 細到仆街😵‍💫🫠
全港”最細/西”康文署健身室!?|百無!!迫到無朋友!! - YouTube,以前去荃灣西約，細到拎個啞鈴都覺得會撞到人。所以你明點解上次荃灣體育館咁多人
全港”最細/西”康文署健身室!?|百無!!迫到無朋友!! - YouTube,Burger 講幾句都氣喘，係咪要做多D Cardio XD
全港”最細/西”康文署健身室!?|百無!!迫到無朋友!! - YouTube,公道講，好多場都唔細，覺得細是因為機多，所以感覺細。但機多才好，多選擇，又不用排隊。好多場睇落有空間但唔多機。最不希望是有些場俾你話細之後，政府以聽市民聲音到時cut機，想玩都無得玩，最好就將原本壁球室做健身室的場打通埋另一間壁球室擴大，但平時打開波嗰堆一定嘈健身人霸。
全港”最細/西”康文署健身室!?|百無!!迫到無朋友!! - YouTube,未睇就先讚，會開一個新系列做康文署健身室開箱！講得好好笑好睇呀😂
全港”最細/西”康文署健身室!?|百無!!迫到無朋友!! - YouTube,"拍多啲呢啲系列，十分好睇。btw, 寶林同將軍澳體育館健身室都出名閪"
全港”最細/西”康文署健身室!?|百無!!迫到無朋友!! - YouTube,"以我經驗嚟講 要穿過主場先入到去嘅健身室
99% 都係細到仆街 🤡"
全港”最細/西”康文署健身室!?|百無!!迫到無朋友!! - YouTube,真係好有趣常人平時唔會去咁多間康文署嘅健身室參觀，疫情之前都有去康文署度玩下嘅，喺康文署健身室玩最大嘅問題就係同人爭器材，仲有係衛生問題好鬼麻煩，寧願比多幾百蚊去啲二十四小時嘅健身室好過
全港”最細/西”康文署健身室!?|百無!!迫到無朋友!! - YouTube,無守衛，有無人收錢先？
全港”最細/西”康文署健身室!?|百無!!迫到無朋友!! - YouTube,下，比係入面拍攝架咩，仲要影到其他使用者，人哋可以向職員投訴你
全港”最細/西”康文署健身室!?|百無!!迫到無朋友!! - YouTube,"有幾多人推胸會過75, 你睇片主推左幾下再做節目都喘曬氣，哈哈!"
【薯茄明星運動會2023】 Ft. 許賢 阿慈 Cotton 嘉盈 近南哥 Kitling 叻叻 東方昇 Gordon 床哥 雞翼 蛙妹 阿Sa Hanna Ruby 柿柿 KB｜Pomato 小薯茄 - YouTube,"＜薯茄明星運動會2023＞

0:00:00 INTRO｜本年度香港網絡最大盛事！
0:00:26 開場｜感謝大會贊助商
0:01:03 選手入場
0:04:12 比賽賽制介紹
0:04:42 抽籤分組環節 
0:11:19 分組結果
0:13:53 熱身環節
0:15:49 廣告劇場｜Emma

0:16:39 比賽項目一｜100米賽跑
↳ 0:16:57 賽前討論
↳ 0:23:17 Round 1 男子組
↳ 0:26:42 Round 2 女子組
↳ 0:30:31 Round 3 男子組
↳ 0:33:27 Round 4 女子組
↳ 0:36:23 成績公佈

0:36:37 放飯時間
↳ 0:37:03 廣告劇場｜Hungry Dino
↳ 0:37:32 食飯交流時間
↳ 0:39:55 場外決戰｜Gordon VS 雞翼
↳ 0:41:00 場外決戰｜牙慈 VS 近南哥
↳ 0:41:56 廣告劇場｜維他
↳ 0:42:26 偷練環節

0:43:15 比賽項目二｜推鉛球
↳ 0:43:28 賽前討論
↳ 0:45:54 比賽開始
↳ 1:01:00 成績公佈
↳ 1:01:44 廣告劇場｜維他新鮮茶

1:02:35 賽前討論
1:05:26 比賽項目三｜跳遠
↳ 1:05:41 比賽開始
↳ 1:21:34 成績公佈

1:22:22 比賽項目四｜6x200米接力
↳ 1:22:33 賽前討論
↳ 1:26:17 比賽開始
↳ 1:34:29 成績公佈

1:34:39 比賽項目五｜四向拔河
↳ 1:34:50 賽前討論
↳ 1:37:15 比賽開始
↳ 1:39:31 成績公佈

1:41:55 頒獎典禮環節
↳ 1:42:31 殿軍｜factiv贊助
↳ 1:44:06 季軍｜PHILIPS贊助
↳ 1:45:31 亞軍｜Canon贊助
↳ 1:47:31 冠軍｜DeLonghi贊助
↳ 1:50:01 男女子MVP｜ANYTIME FITNESS贊助
↳ 1:52:28 全場個人總成績公佈

1:52:51 感謝本次大會各個贊助商
1:53:15 感謝香港田徑體育員建議
1:53:34 感謝場地方
1:53:45 感謝幕後工作人員
1:54:12 感謝各位創作者
1:54:44  Credit｜薯茄明星運動會主題曲 ♫ 小薯茄《逆境波》

1:58:34 藍組感想
2:01:17 紅組感想
2:03:04 黃組感想
2:04:59 綠組感想"
【薯茄明星運動會2023】 Ft. 許賢 阿慈 Cotton 嘉盈 近南哥 Kitling 叻叻 東方昇 Gordon 床哥 雞翼 蛙妹 阿Sa Hanna Ruby 柿柿 KB｜Pomato 小薯茄 - YouTube,我嚟係支持荃灣胖濤同埋faker的
【薯茄明星運動會2023】 Ft. 許賢 阿慈 Cotton 嘉盈 近南哥 Kitling 叻叻 東方昇 Gordon 床哥 雞翼 蛙妹 阿Sa Hanna Ruby 柿柿 KB｜Pomato 小薯茄 - YouTube,多謝小薯茄俾我參加呢次陸運會！ 辛苦晒所有工作人員！💕
【薯茄明星運動會2023】 Ft. 許賢 阿慈 Cotton 嘉盈 近南哥 Kitling 叻叻 東方昇 Gordon 床哥 雞翼 蛙妹 阿Sa Hanna Ruby 柿柿 KB｜Pomato 小薯茄 - YouTube,"好開心小薯茄搞咗呢個活動🔥
仲邀請咗YT深山老人 — 我🙈
搞咁大型嘅運動會真係唔容易🥺
辛苦所有出盡力比賽嘅幕前，同一班超級專業嘅幕後團隊🦾
仲有剪呢條片嘅剪接師🥺
大家睇完記得一定要Like爆佢👊🏻"
【薯茄明星運動會2023】 Ft. 許賢 阿慈 Cotton 嘉盈 近南哥 Kitling 叻叻 東方昇 Gordon 床哥 雞翼 蛙妹 阿Sa Hanna Ruby 柿柿 KB｜Pomato 小薯茄 - YouTube,"做記者做咁耐，從來無諗過有一日竟然可以參與咁大型的拍攝，第一次拍綜藝，多謝小薯茄和高Ling邀請，好有愛好熱血的event 💛💛
辛苦哂所有台前幕後，成品好睇又感動，多謝你哋🍭"
【薯茄明星運動會2023】 Ft. 許賢 阿慈 Cotton 嘉盈 近南哥 Kitling 叻叻 東方昇 Gordon 床哥 雞翼 蛙妹 阿Sa Hanna Ruby 柿柿 KB｜Pomato 小薯茄 - YouTube,"成集好似冇咩人提起麗英🥹🥹
1:52:29 睇番個人成績，其實麗英係第二名黎嫁～
好欣賞佢一直默默耕耘，喺組入面做開心果嘅角色
每個比賽完結都係見到佢笑得好開心鼓勵大家❤❤

btw 今次真係好認真地睇埋幕後人員名單
知道喺香港youtube界要搞運動會，要齊集咁多人係一件好難想像嘅事！作為觀眾我地只需要enjoy the show，就係比台前幕後及youtube界嘅最大鼓勵！
加油香港youtuber ❤"
【薯茄明星運動會2023】 Ft. 許賢 阿慈 Cotton 嘉盈 近南哥 Kitling 叻叻 東方昇 Gordon 床哥 雞翼 蛙妹 阿Sa Hanna Ruby 柿柿 KB｜Pomato 小薯茄 - YouTube,"1:28:12 見到東方昇帶傷爆seed真係好感動 好想紅組贏！之後見到程人富第一 個心好激動 自己都跟住紅組一齊喊 好有愛好熱血好盡！！！

謝謝小薯茄證明香港youtube都可以好好睇！！而且可以百花齊放🫶🏻越來越中意你地！都好欣賞各位參賽者 有你地盡力咁樣去比賽條片先可以咁好睇！"
【薯茄明星運動會2023】 Ft. 許賢 阿慈 Cotton 嘉盈 近南哥 Kitling 叻叻 東方昇 Gordon 床哥 雞翼 蛙妹 阿Sa Hanna Ruby 柿柿 KB｜Pomato 小薯茄 - YouTube,1:30:55 我印象最深刻同感動嘅係紅隊喺接力賽贏得冠軍。起初因為整體冇其他隊咁勁加上東方昇拉傷，大家亦預咗冇好成績，覺得唔包尾就得，但全部人都冇因此而鬆懈或者放棄，相反更加出盡全力，跑得比個人100米時嘅表現更好。特別係東方昇，39:02 足本版睇到佢甚至喺lunch break講話自己喺鉛球以外嘅項目會成為負累，但喺接力賽就完全爆seed，仲跑到畀人講笑懷疑冇受傷。睇到紅隊隊員各自都抱著突破嘅精神，最後一齊合力創造奇蹟。見到程人富喊嗰刻亦感受到嗰種不可思議而有啲感觸。辛苦晒小薯茄投放咁多人力、物力同時間籌備呢個運動會，當中有好多人嘅努力同付出，最終創立香港網絡界嘅里程碑。
【薯茄明星運動會2023】 Ft. 許賢 阿慈 Cotton 嘉盈 近南哥 Kitling 叻叻 東方昇 Gordon 床哥 雞翼 蛙妹 阿Sa Hanna Ruby 柿柿 KB｜Pomato 小薯茄 - YouTube,"冇辦法想像jfft上弦二人組竟然係男子組頭兩位, Firm到，感謝小薯茄邀請JFFT
運動會勁熱血勁感動, 啱啱辭咗職準備做運動練跑，順便按咗層樓跑去買有份贊助嘅商品"
【薯茄明星運動會2023】 Ft. 許賢 阿慈 Cotton 嘉盈 近南哥 Kitling 叻叻 東方昇 Gordon 床哥 雞翼 蛙妹 阿Sa Hanna Ruby 柿柿 KB｜Pomato 小薯茄 - YouTube,1:30:19 富哥衝線一刻已經開始眼濕濕，再見到富哥喊住讚紅隊既隊員，真係忍唔住喊出黎🥺係接力賽個個非常努力，尤其是東方昇！估唔到一場運動會可以咁感動
【薯茄明星運動會2023】 Ft. 許賢 阿慈 Cotton 嘉盈 近南哥 Kitling 叻叻 東方昇 Gordon 床哥 雞翼 蛙妹 阿Sa Hanna Ruby 柿柿 KB｜Pomato 小薯茄 - YouTube,1:30:45 印象最深刻係富哥喊，因為隊友盡全力去跑接力。 Gordon 第一捧爆發，之後東方昇帶傷盡力跑，再睇到呀sa 最尾無力都爆埋去跑，好感動大家一齊去盡力完成一件事。❤
【薯茄明星運動會2023】 Ft. 許賢 阿慈 Cotton 嘉盈 近南哥 Kitling 叻叻 東方昇 Gordon 床哥 雞翼 蛙妹 阿Sa Hanna Ruby 柿柿 KB｜Pomato 小薯茄 - YouTube,"年度開心事 有幸參與 #薯茄明星運動會 
運動細胞比較弱的me 初頭擔心拖累組員又驚包尾
到接力賽全組（包括傷兵）都搏晒命咁跑跑跑
最後出現戲劇性嘅一幕 唔放棄真係會有奇跡！！！
睇片再次見到每一個人都好認真好盡力好熱血🔥
感動到毛管戙🥹

本身隔住個mon默默追睇其他人嘅片
有啲之前訪問都碰過面
但有時工作mode要收斂下我嘅興奮
今次聚埋加上係做運動 更加感受到大家嘅能量
香港YouTube都可以團結 一齊發光發熱

最後一定要多謝小薯茄成就呢件事
準備得好好 見到晒台前幕後嘅努力 辛苦了🫶🏻
期待有下屆🥔🍅❤️💛💙💚"
【薯茄明星運動會2023】 Ft. 許賢 阿慈 Cotton 嘉盈 近南哥 Kitling 叻叻 東方昇 Gordon 床哥 雞翼 蛙妹 阿Sa Hanna Ruby 柿柿 KB｜Pomato 小薯茄 - YouTube,"1:40:30 睇到冰喊果刻真係好感動。
拔河真係好好睇，每位都好努力，感受到每一位的投入及熱血❤
整個運動會非常難得， 十分感謝台前幕後工作人員及贊助公司，希望還會繼續有第二次、第三次……🎉"
【薯茄明星運動會2023】 Ft. 許賢 阿慈 Cotton 嘉盈 近南哥 Kitling 叻叻 東方昇 Gordon 床哥 雞翼 蛙妹 阿Sa Hanna Ruby 柿柿 KB｜Pomato 小薯茄 - YouTube,多謝小薯茄邀請!玩得好開心!辛苦哂所有台前幕後工作人員🙌
【薯茄明星運動會2023】 Ft. 許賢 阿慈 Cotton 嘉盈 近南哥 Kitling 叻叻 東方昇 Gordon 床哥 雞翼 蛙妹 阿Sa Hanna Ruby 柿柿 KB｜Pomato 小薯茄 - YouTube,真係好surprised香港竟然有咁好睇嘅YouTube盛事，之前睇木曜運動會覺得香港好難做到，無諗到小薯茄做得到，無論係剪輯、運動項目設計、effect都可以見到幕後嘅努力，超用心，幕前嘅youtuber都好努力，好令人感動。希望小薯茄長做長有，一直搞多啲節目，無限支持！
【薯茄明星運動會2023】 Ft. 許賢 阿慈 Cotton 嘉盈 近南哥 Kitling 叻叻 東方昇 Gordon 床哥 雞翼 蛙妹 阿Sa Hanna Ruby 柿柿 KB｜Pomato 小薯茄 - YouTube,"1:49:01
J哥既感言即喊
[呢個可能係我人生第一個冠軍］
每個人資質吾同，有時候無論幾努力，結果都令人無能為力
感受到J哥呢句說話意思
所以有好既隊友carry 係一件好幸運既事❤

J哥繼續努力，相信自己 
感受到你好努力拍片＆表演
繼續支持小薯茄們"
【薯茄明星運動會2023】 Ft. 許賢 阿慈 Cotton 嘉盈 近南哥 Kitling 叻叻 東方昇 Gordon 床哥 雞翼 蛙妹 阿Sa Hanna Ruby 柿柿 KB｜Pomato 小薯茄 - YouTube,"睇完覺得好感動
我今年F6啦，幾個月前完咗最後一次陸運會，本來我唔係叻運動，我係匿埋唱歌畫畫嗰啲，但我每年都會報名參加陸運會，雖然年年都只係話想玩下咁啫，但點知咁快就玩到最後一年，今年先特別感受到嗰種熱血
好多謝小薯茄拍呢個節目，我都係見到台灣有好多大型活動，一直期待香港都可以有，啱啱見到條片就即刻好興奮。睇完之後，真係令我好感觸，好似同我講緊我嘅最後一次陸運會入面嘅熱血，係唔會完，會好似你哋咁樣再次燃起，你哋令我啲幹勁又返曬嚟，脫離自己本來沉醉嘅遺憾，再次睇返前面嘅路。
大家真係做得好好，睇既過程會不自覺想每一組都贏，真係好好睇，我作為觀眾都差啲喊🥹
BTW期待下一屆！！！！🫡🫡🫡🫡"
【薯茄明星運動會2023】 Ft. 許賢 阿慈 Cotton 嘉盈 近南哥 Kitling 叻叻 東方昇 Gordon 床哥 雞翼 蛙妹 阿Sa Hanna Ruby 柿柿 KB｜Pomato 小薯茄 - YouTube,"1:30:35 我覺得最深刻真係4x200 呢度 一開始東方昇整親 其實紅組都可能預咗佢哋成組會輸 但係佢哋完全無怪過隊友 反而令到東方昇唔好意思 到最後紅組爆seed贏咗 真係好感動 我都睇到有啲眼濕濕 🥹 
好開心係阿Sa作為MM代表 見到佢有好努力咁同大家分享交流 如果再有多啲幕後花絮睇吓就好啦☺️
薯茄明星運動會大成功！🎉"
【薯茄明星運動會2023】 Ft. 許賢 阿慈 Cotton 嘉盈 近南哥 Kitling 叻叻 東方昇 Gordon 床哥 雞翼 蛙妹 阿Sa Hanna Ruby 柿柿 KB｜Pomato 小薯茄 - YouTube,"今日我哋一家四口，已睇第三次，真心好正，6x200超感動，我跟埋富哥喊。這個運動會讓我哋睇到大家嘅決心意志，每一位好齊心。童童係一個好正既隊長。
多謝你們製作高質運動會。
你們今年的七周年重頭劇，又讓我們觀眾留下美好的回憶🎉帶出正面訊息做乜嘢都要堅強走下去💪🏻
祝小薯茄七周年快樂！"
【薯茄明星運動會2023】 Ft. 許賢 阿慈 Cotton 嘉盈 近南哥 Kitling 叻叻 東方昇 Gordon 床哥 雞翼 蛙妹 阿Sa Hanna Ruby 柿柿 KB｜Pomato 小薯茄 - YouTube,"感謝大家
黃組係我心目中嘅第一！"
7日抽籤決定早餐！被迫獨自一人飲早茶？早餐不能再吃花生醬方包怎麼辦？｜肥麻廢廢food vlog - YouTube,平時都唔知食咩好，黎來黎去都係食嗰啲，呢個Channel啟發咗我食咩，腸胃敏感可以飲多啲益力多😂
7日抽籤決定早餐！被迫獨自一人飲早茶？早餐不能再吃花生醬方包怎麼辦？｜肥麻廢廢food vlog - YouTube,"如果可以幫麻老師準備晒一星期七日早餐, 應該係世上最幸福嘅人❤"
7日抽籤決定早餐！被迫獨自一人飲早茶？早餐不能再吃花生醬方包怎麼辦？｜肥麻廢廢food vlog - YouTube,"公道講句呢7日嘅早餐，都好頹🫠:_malojamBread:(彩蛋表情已表達一切:_malojam尷尷尷:)
:_malojam肥麻肥麻:式早餐感覺已經係當中最好食:_malojamPeanut::_malojamBread:，起碼有Marusan飲下😂"
7日抽籤決定早餐！被迫獨自一人飲早茶？早餐不能再吃花生醬方包怎麼辦？｜肥麻廢廢food vlog - YouTube,以前茶餐廳食過啲牛奶麥皮係勁好食，不過....沙嗲牛肉麵／午香肉丁麵都係首選／次選，所以都好耐冇食🙈
7日抽籤決定早餐！被迫獨自一人飲早茶？早餐不能再吃花生醬方包怎麼辦？｜肥麻廢廢food vlog - YouTube,"睇住麻老師食野, 心境平靜了, 特別係最尾ASMR。:_malojamWhereisma:最後我發現

麻老師真係好可愛:_malojamJeng:"
7日抽籤決定早餐！被迫獨自一人飲早茶？早餐不能再吃花生醬方包怎麼辦？｜肥麻廢廢food vlog - YouTube,"既然有7day早餐,唔爭在玩埋7day午/晚餐/下午茶啦😂"
7日抽籤決定早餐！被迫獨自一人飲早茶？早餐不能再吃花生醬方包怎麼辦？｜肥麻廢廢food vlog - YouTube,"1. 每次睇小麻擦麵包都好治癒:_malojamReal:
2. 咁都可以植入式廣告:_malojam尷尷尷:
3. 睇睇下發現剪咗指甲，順眼咗勁多:_malojamJeng:
4. BifinaS我買開日版水貨 $11x 盒:_malojam尷尷尷:"
7日抽籤決定早餐！被迫獨自一人飲早茶？早餐不能再吃花生醬方包怎麼辦？｜肥麻廢廢food vlog - YouTube,小麻子剪左頭髮都有吸引力😮😮😊😊
7日抽籤決定早餐！被迫獨自一人飲早茶？早餐不能再吃花生醬方包怎麼辦？｜肥麻廢廢food vlog - YouTube,day5 果個飯團我會用個煎pan煎熱煎香兩邊，然後再夾一塊紫菜咁食，出黎嘅味道同凍冰冰咁食係另一個層次。
7日抽籤決定早餐！被迫獨自一人飲早茶？早餐不能再吃花生醬方包怎麼辦？｜肥麻廢廢food vlog - YouTube,已經慣左長loop彩蛋仔 好過癮😂😂
7日抽籤決定早餐！被迫獨自一人飲早茶？早餐不能再吃花生醬方包怎麼辦？｜肥麻廢廢food vlog - YouTube,麻子 麥皮難食係因為你用錯方法煮 下次試下用牛奶沖跟住加煉奶 包你好食！！
7日抽籤決定早餐！被迫獨自一人飲早茶？早餐不能再吃花生醬方包怎麼辦？｜肥麻廢廢food vlog - YouTube,MARUJAM..!❤️‍🔥
7日抽籤決定早餐！被迫獨自一人飲早茶？早餐不能再吃花生醬方包怎麼辦？｜肥麻廢廢food vlog - YouTube,支持小麻子超得意又勁搞笑又學到野既片😝
7日抽籤決定早餐！被迫獨自一人飲早茶？早餐不能再吃花生醬方包怎麼辦？｜肥麻廢廢food vlog - YouTube,"點先可以啲片jeng 到咁
我無間斷咁連睇咗兩日
原來旅行🧳可以咁jeng 
有料🎉有料"
7日抽籤決定早餐！被迫獨自一人飲早茶？早餐不能再吃花生醬方包怎麼辦？｜肥麻廢廢food vlog - YouTube,支持肥麻一星期唔食花生醬方包另外下次想睇ig觀眾投票一日行程
7日抽籤決定早餐！被迫獨自一人飲早茶？早餐不能再吃花生醬方包怎麼辦？｜肥麻廢廢food vlog - YouTube,"其實instant oat真係超難食,
食麥皮最好係食roll oat,配煉奶"
7日抽籤決定早餐！被迫獨自一人飲早茶？早餐不能再吃花生醬方包怎麼辦？｜肥麻廢廢food vlog - YouTube,麥皮要落花奶+練奶...要買燕麥（不是即食）...😂😂
7日抽籤決定早餐！被迫獨自一人飲早茶？早餐不能再吃花生醬方包怎麼辦？｜肥麻廢廢food vlog - YouTube,即食麥皮多數係甜甜甜，自己煲會好啲。買大燕麥自己煲
7日抽籤決定早餐！被迫獨自一人飲早茶？早餐不能再吃花生醬方包怎麼辦？｜肥麻廢廢food vlog - YouTube,下次不如拍下除咗花生醬方包marusen 之外仲有咩早餐推介😛
7日抽籤決定早餐！被迫獨自一人飲早茶？早餐不能再吃花生醬方包怎麼辦？｜肥麻廢廢food vlog - YouTube,小麻影片好有質感!!!
【極速．開箱】M3晶片MacBook Pro登場！詳盡評測+遊戲測試+實物拍攝 ｜PS5手掣｜Mac Gaming｜M3 MacBook Pro｜繁中字幕｜廣東話【Karenly:】 - YouTube,"今次試用幾好玩！:face-red-heart-shape:
因為有部intel i9 同 Air 一齊試！
結果都幾有參考價值 (自己講～:face-pink-tears:)
M3話就話入門晶片 
其實對普遍用家嚟講夠晒～～～
不如睇下佢值唔值得你買 啱唔啱你買好過～
買機前 睇睇先～！ :glasses-purple-yellow-diamond:"
【極速．開箱】M3晶片MacBook Pro登場！詳盡評測+遊戲測試+實物拍攝 ｜PS5手掣｜Mac Gaming｜M3 MacBook Pro｜繁中字幕｜廣東話【Karenly:】 - YouTube,AIR都貴到萬六，唔係搵食真係唔捨得買，不過我窮啫，都大把人捨得嘅。BY曹總
【極速．開箱】M3晶片MacBook Pro登場！詳盡評測+遊戲測試+實物拍攝 ｜PS5手掣｜Mac Gaming｜M3 MacBook Pro｜繁中字幕｜廣東話【Karenly:】 - YouTube,"若果仍是Intel U, 真的考慮上新U, 但若已經上了車的, 極好能發覺分別不大,  多看實際用戶經驗, 我個人覺得由M1或M2上M3的得益不明顯, 除了新颜色而已"
【極速．開箱】M3晶片MacBook Pro登場！詳盡評測+遊戲測試+實物拍攝 ｜PS5手掣｜Mac Gaming｜M3 MacBook Pro｜繁中字幕｜廣東話【Karenly:】 - YouTube,"Karen好快手有評測分享呀🧡
如果仲用緊Intel版今代真係好值得換機~ 反觀年頭買咗M2嘅今次都唔會蝕, 效能唔算爭好遠呢
就算用緊M1 Max我都仲好滿意😂"
【極速．開箱】M3晶片MacBook Pro登場！詳盡評測+遊戲測試+實物拍攝 ｜PS5手掣｜Mac Gaming｜M3 MacBook Pro｜繁中字幕｜廣東話【Karenly:】 - YouTube,"其實Touch Bar並未有咁不堪回首，只係Apple 用Touch Bar去取代堆function keys 直接玩殘幾個群體用家。
利申：Touch Bar 用家，用好多Excel 同Logic"
【極速．開箱】M3晶片MacBook Pro登場！詳盡評測+遊戲測試+實物拍攝 ｜PS5手掣｜Mac Gaming｜M3 MacBook Pro｜繁中字幕｜廣東話【Karenly:】 - YouTube,"以一個現時MacBook Air M2 13吋嘅用家去睇，如果都只係用M3嘅話，咁你就應該要買MacBook Pro，因為無論喺聲畫以至接口嘅選擇同散熱都會多好多，除非你需要完全冇風扇聲、輕身同埋唔同嘅機身顏色。
至於打機，Apple都仲有一段好長嘅路要走，最少要同Epic Games大和解，令到Unreal 5可以完全支援M系列晶片至好再講。"
【極速．開箱】M3晶片MacBook Pro登場！詳盡評測+遊戲測試+實物拍攝 ｜PS5手掣｜Mac Gaming｜M3 MacBook Pro｜繁中字幕｜廣東話【Karenly:】 - YouTube,我係2019 MBP16嘅用家，之前我係用2013 MBP。部末代intel機我自己都用得好滿意，跟1GB SSD同16GB Ram，日常好夠用。我自己只係用嚟上網睇片多，對打機同工作冇要求。如果跟返自己6年換一次機嘅規律，我可能會等25年M5先換。同你唔同，我自己幾鍾意用touch bar，雖然我對實體fn鍵都唔抗拒。至於冇SD card同HDMI，對我分別唔大。我唔會拍片，平時旅行相片都只係用iphone影相，已經有幾年冇掂過SD card。M3機比較特別係我留意到RAM 配置上係18GB同36GB，唔知道係咪行三通道嘅分別？
【極速．開箱】M3晶片MacBook Pro登場！詳盡評測+遊戲測試+實物拍攝 ｜PS5手掣｜Mac Gaming｜M3 MacBook Pro｜繁中字幕｜廣東話【Karenly:】 - YouTube,"我仲用緊2015年頭嘅13吋Pro, 8G ram,自己換咗1TB SSD（原本256）, 到而家都冇乜病痛，喺舊電去得快，但今次見到M3有啲想換機😅"
【極速．開箱】M3晶片MacBook Pro登場！詳盡評測+遊戲測試+實物拍攝 ｜PS5手掣｜Mac Gaming｜M3 MacBook Pro｜繁中字幕｜廣東話【Karenly:】 - YouTube,我想知 記憶體頻寛   由200GB/s  減少至 100GB/s  究竟有咩分別有咩影響
【極速．開箱】M3晶片MacBook Pro登場！詳盡評測+遊戲測試+實物拍攝 ｜PS5手掣｜Mac Gaming｜M3 MacBook Pro｜繁中字幕｜廣東話【Karenly:】 - YouTube,"我用緊M1 macbook air 8+512, 用黎剪片，感覺8G ram真係好勉強。。。諗緊到底換部二手M1 pro macbook pro好定M3 macbook pro好價錢上同一storage上差足足六千蚊。"
【極速．開箱】M3晶片MacBook Pro登場！詳盡評測+遊戲測試+實物拍攝 ｜PS5手掣｜Mac Gaming｜M3 MacBook Pro｜繁中字幕｜廣東話【Karenly:】 - YouTube,"Intel MBP + touch bar 畫3D熱上加熱, 試過1年燒2次底板。果幾年不單spec同PC無異, 價錢又貴一截, 每一代表現只有寸進, 但仍然咁熱, 真係買部PC裝Mac算, 果幾年真係不堪回首"
【極速．開箱】M3晶片MacBook Pro登場！詳盡評測+遊戲測試+實物拍攝 ｜PS5手掣｜Mac Gaming｜M3 MacBook Pro｜繁中字幕｜廣東話【Karenly:】 - YouTube,"Hi, Karen. Would you mind to upload a video demonstrating the difference using Microsoft word between MacBook and Window. I'm struggling whether to purchase the brand new MacBook instead of using my notebook operating window. Many thanks!!"
【極速．開箱】M3晶片MacBook Pro登場！詳盡評測+遊戲測試+實物拍攝 ｜PS5手掣｜Mac Gaming｜M3 MacBook Pro｜繁中字幕｜廣東話【Karenly:】 - YouTube,請問m3 和m2 pro10核版本同樣16g512ssd下哪個性能比較好、如何選擇？
【極速．開箱】M3晶片MacBook Pro登場！詳盡評測+遊戲測試+實物拍攝 ｜PS5手掣｜Mac Gaming｜M3 MacBook Pro｜繁中字幕｜廣東話【Karenly:】 - YouTube,我覺得用docking 或usb-c hub 又未必嘥咗個port 位，始終呢啲device都可以自己插返USB power adapter供電。
【極速．開箱】M3晶片MacBook Pro登場！詳盡評測+遊戲測試+實物拍攝 ｜PS5手掣｜Mac Gaming｜M3 MacBook Pro｜繁中字幕｜廣東話【Karenly:】 - YouTube,Thanks. Very useful and detailed explanation! Thumbs up!
【極速．開箱】M3晶片MacBook Pro登場！詳盡評測+遊戲測試+實物拍攝 ｜PS5手掣｜Mac Gaming｜M3 MacBook Pro｜繁中字幕｜廣東話【Karenly:】 - YouTube,"Karen👍
蘋果打機優化都仲要走一段仔既路，主要係充電打機、打機散熱同電池壽命要搞好。
如果唔打機，其實夠用。"
【極速．開箱】M3晶片MacBook Pro登場！詳盡評測+遊戲測試+實物拍攝 ｜PS5手掣｜Mac Gaming｜M3 MacBook Pro｜繁中字幕｜廣東話【Karenly:】 - YouTube,"Karen, 如果打算買多部機長用（打算用5年），當家用機，原本想買M2 Mac mini / M3 iMac , 不過又想慳位，點睇？

（本身已經有部M1 air, 經常帶出街用）😊 屋企部window desktop 已經打柴了，所以想趁機會全面轉用OS 🍎"
【極速．開箱】M3晶片MacBook Pro登場！詳盡評測+遊戲測試+實物拍攝 ｜PS5手掣｜Mac Gaming｜M3 MacBook Pro｜繁中字幕｜廣東話【Karenly:】 - YouTube,"想問下介唔介意提供多少少資訊
玩生化村莊果陣個解像度係？
玩一個鐘唔插電用左幾多電量？
溫度提升到幾多？
個風扇會唔會好大聲？"
【極速．開箱】M3晶片MacBook Pro登場！詳盡評測+遊戲測試+實物拍攝 ｜PS5手掣｜Mac Gaming｜M3 MacBook Pro｜繁中字幕｜廣東話【Karenly:】 - YouTube,我都係 i9 16吋用家 我3萬買返黎 放返出去又唔會值錢 😂 咁我未必會換 加上apple機都唔會咁快壞 😅 除非佢個Apple logo  出返有發光 我就會唔諗即換 👍
【極速．開箱】M3晶片MacBook Pro登場！詳盡評測+遊戲測試+實物拍攝 ｜PS5手掣｜Mac Gaming｜M3 MacBook Pro｜繁中字幕｜廣東話【Karenly:】 - YouTube,今代512GB SSD 係未又係行半速?
【天水圍驚驚】學生推介到新北江必食必玩10件事！抵食焗飯🍚人氣米線！跟00後放學一天｜文迪mandic|放假一天｜特色商場 - YouTube,有無新北江達人教我點喺商場唔盪失路？！仲有咩要去新北江要做？留言話我聽！
【天水圍驚驚】學生推介到新北江必食必玩10件事！抵食焗飯🍚人氣米線！跟00後放學一天｜文迪mandic|放假一天｜特色商場 - YouTube,其實學生們零用錢是有限，所以他們課餘後娛樂都是差不多。放午飯時候，可能就會介紹你去那處吃飯是最抵吃和好美味等。
【天水圍驚驚】學生推介到新北江必食必玩10件事！抵食焗飯🍚人氣米線！跟00後放學一天｜文迪mandic|放假一天｜特色商場 - YouTube,雖然我好少去呢一邊，但係我記得地下嗰層呢，有家賣餃子嘅，即時包嘅嗰D，餃子好大粒好大粒，同埋個湯底好正，係不含味精嘅花膠湯底。嗰間鋪好似學好少學生哥去嘅，因為價錢學生哥會覺得貴，但係我哋出邊食開野，以咁好嘅質素就會覺得平。
【天水圍驚驚】學生推介到新北江必食必玩10件事！抵食焗飯🍚人氣米線！跟00後放學一天｜文迪mandic|放假一天｜特色商場 - YouTube,"見證住新北江由多醫生轉做多剪髮舖,依家再進化到執一間舖就開一間生果舖菜檔,越黎越似街市😅下次黎要試下間刀削麵,都好食架"
【天水圍驚驚】學生推介到新北江必食必玩10件事！抵食焗飯🍚人氣米線！跟00後放學一天｜文迪mandic|放假一天｜特色商場 - YouTube,冷麵嗰度隔離有間舖頭叫真意小食 嗰度嘅燒餅即叫即整 超好食😋
【天水圍驚驚】學生推介到新北江必食必玩10件事！抵食焗飯🍚人氣米線！跟00後放學一天｜文迪mandic|放假一天｜特色商場 - YouTube,"中學嘅時候～一係食老地方芝士撈丁，一係食撈一番冷麵，去石頭記𠹌貓，去彩虹搵呀姨夾糖！
而家呀姨退休了，貓貓入屋了，就得返加價唔多但分量少咗既冷麵～😢

🙈明既就知我講緊邊度🙈"
【天水圍驚驚】學生推介到新北江必食必玩10件事！抵食焗飯🍚人氣米線！跟00後放學一天｜文迪mandic|放假一天｜特色商場 - YouTube,文迪，有冇去睇候鳥呀？而家南生圍同天水圍嗰條河都好多：風景好靚🎉
【天水圍驚驚】學生推介到新北江必食必玩10件事！抵食焗飯🍚人氣米線！跟00後放學一天｜文迪mandic|放假一天｜特色商場 - YouTube,天水圍岩岩起好時，新北江前身係八佰伴，唔知仲有幾多人記得呢😊
【天水圍驚驚】學生推介到新北江必食必玩10件事！抵食焗飯🍚人氣米線！跟00後放學一天｜文迪mandic|放假一天｜特色商場 - YouTube,"住左天水圍幾十年
細個讀書時去新北江都係做呢D野😂🤣
同埋去天水圍一定要整錶 近門口屈臣寺附近有檔整錶 換電又快又靚又平 人仲勁好 會幫你校埋岩既時間日期"
【天水圍驚驚】學生推介到新北江必食必玩10件事！抵食焗飯🍚人氣米線！跟00後放學一天｜文迪mandic|放假一天｜特色商場 - YouTube,"睇完好想食麗江啊！我食過一次咋，次次去都好多人。
文迪去兩次都有位咁好。😆"
【天水圍驚驚】學生推介到新北江必食必玩10件事！抵食焗飯🍚人氣米線！跟00後放學一天｜文迪mandic|放假一天｜特色商場 - YouTube,新北江好耐以前係八佰伴百貨公司 我諗大約95-98年前左右咁上下改名做新北江 當時有個類似美食廣場有一款菠蘿炒飯係一個新鮮菠蘿切開一半然後當碟裝住啲炒飯 每次經過比外觀吸引叫媽咪買 我90後當時得幾歲唯一對八佰伴記憶 可惜媽咪已經離開 但記憶一世都唔會忘記
【天水圍驚驚】學生推介到新北江必食必玩10件事！抵食焗飯🍚人氣米線！跟00後放學一天｜文迪mandic|放假一天｜特色商場 - YouTube,🙏😆💕謝謝！小弟又學到嘢了！一個去商場片！可以拍到好有趣！👍😊
【天水圍驚驚】學生推介到新北江必食必玩10件事！抵食焗飯🍚人氣米線！跟00後放學一天｜文迪mandic|放假一天｜特色商場 - YouTube,這個系列還有其他地區嗎？
【天水圍驚驚】學生推介到新北江必食必玩10件事！抵食焗飯🍚人氣米線！跟00後放學一天｜文迪mandic|放假一天｜特色商場 - YouTube,"麗江都係我最愛呀！😍
夾糖同買零食
我去開樓下，雞蛋仔走前啲
新北江真係由細行到大
我必定唔會盪失路😎😎😎"
【天水圍驚驚】學生推介到新北江必食必玩10件事！抵食焗飯🍚人氣米線！跟00後放學一天｜文迪mandic|放假一天｜特色商場 - YouTube,好掛住森堡啊，以前lunch time成日食，雞扒芝士腸茄汁長通粉😋😋
【天水圍驚驚】學生推介到新北江必食必玩10件事！抵食焗飯🍚人氣米線！跟00後放學一天｜文迪mandic|放假一天｜特色商場 - YouTube,"食完米線再食焗飯😱😱
好痴線,2022年學生仲興食袋裝冷麵🤣
強烈建議袋裝冷麵加入飲食文化遺產😋"
【天水圍驚驚】學生推介到新北江必食必玩10件事！抵食焗飯🍚人氣米線！跟00後放學一天｜文迪mandic|放假一天｜特色商場 - YouTube,"8:10 呢個shot加得好😂🎉
第8條片係$12懶人料理(唔係即刻答)"
【天水圍驚驚】學生推介到新北江必食必玩10件事！抵食焗飯🍚人氣米線！跟00後放學一天｜文迪mandic|放假一天｜特色商場 - YouTube,你飲珍珠奶茶對面果間重慶小食既涼皮超好食😊😊
【天水圍驚驚】學生推介到新北江必食必玩10件事！抵食焗飯🍚人氣米線！跟00後放學一天｜文迪mandic|放假一天｜特色商場 - YouTube,我小學時做食肆的死了爸爸說了一句話我一直記住「好食既嘢就5健康+啦
【天水圍驚驚】學生推介到新北江必食必玩10件事！抵食焗飯🍚人氣米線！跟00後放學一天｜文迪mandic|放假一天｜特色商場 - YouTube,文迪妹，證明你仲係好年輕，再加埋你有童心，所以咪學生妹鍾意嘅嘢，你都鍾意囉，你都會去做。
正式搬入天水圍！還是悲情城市嗎？這些地方你又有去過嗎？｜一日遊記  | Canon PowerShot V10【Pinky's Vlog】 - YouTube,屏山圖書館，小弟有份起㗎（雖然都係畫吓設計圖），成棟野真係好多花臣，仲記得有個面用隻生鏽鐵板，要不停淋水等佢生鏽，當年每日放lunch就係好似淋花咁照顧件鐵板，等佢鏽得靚靚地先畀建築署批😂
正式搬入天水圍！還是悲情城市嗎？這些地方你又有去過嗎？｜一日遊記  | Canon PowerShot V10【Pinky's Vlog】 - YouTube,"成個圍城，幾乎全部都係領展商場
所以北江好似最後清泉咁，介紹極多數都係新北江、天一商城、銀座
天水圍其實跟輕鐵路線圖記，「日」字形，搭多啲705/706其實唔難記既
個人覺得易明過屯門㗎喇～"
正式搬入天水圍！還是悲情城市嗎？這些地方你又有去過嗎？｜一日遊記  | Canon PowerShot V10【Pinky's Vlog】 - YouTube,"悲情城市應該係2004年左右既講法
因為果陣起超多公屋，塞哂d底層同新移民過黎
引發因經濟家暴，童黨同輕生問題
而且果陣好多設施不足
個個要出市區打工

事實呢廿年，治安好過市區
至少冇劏房問題，犯罪又相對較低
好多家庭又靠努力累積一定財富"
正式搬入天水圍！還是悲情城市嗎？這些地方你又有去過嗎？｜一日遊記  | Canon PowerShot V10【Pinky's Vlog】 - YouTube,"濕地公園我去過兩次，但成個天水圍去得最多次，應該就係屏山天水圍圖書館&體育館😊
當年啱啱開幕嘅時候，佢嘅圖書館係除了中央圖書館之外，藏書量比較多嘅一間。以前放暑假都去過好多次。
另外就係去同一棟建築嘅體育館。我有幾個朋友都住大西北，以前為咗遷就佢地，我會特登入去天水圍打羽毛球😅"
正式搬入天水圍！還是悲情城市嗎？這些地方你又有去過嗎？｜一日遊記  | Canon PowerShot V10【Pinky's Vlog】 - YouTube,"其實天水圍的配套比起以前已經好好多,交通方面尤其是住喺天耀邨,先唔計西鐵,單單喺對面出市區的巴士路線就一應俱全,四通八達"
正式搬入天水圍！還是悲情城市嗎？這些地方你又有去過嗎？｜一日遊記  | Canon PowerShot V10【Pinky's Vlog】 - YouTube,我係天水圍大，呢個圖書館算係我第二個屋企，睇完Pinky條片覺得好親切，好掛住呢度😢
正式搬入天水圍！還是悲情城市嗎？這些地方你又有去過嗎？｜一日遊記  | Canon PowerShot V10【Pinky's Vlog】 - YouTube,天水圍相比其他區 我覺得最大的優點是寧靜
正式搬入天水圍！還是悲情城市嗎？這些地方你又有去過嗎？｜一日遊記  | Canon PowerShot V10【Pinky's Vlog】 - YouTube,我93年入黎，睇住天水圍銳變，現在交通去邊都好快，我住天耀，一上車就上高速，A37去機場30分鐘，西鐵出荃灣20分鐘，巴士出深水埗，旺角35-45分鐘，巴士去上環至銅鑼灣40-50分鐘，去九龍東，尖沙咀，也地方都一程攪掂，北上更方便，深圳灣20分鐘就到，福田，羅湖無難度。
正式搬入天水圍！還是悲情城市嗎？這些地方你又有去過嗎？｜一日遊記  | Canon PowerShot V10【Pinky's Vlog】 - YouTube,pinky拍片拍得越來越好，部相機細細部好方便隨身攜帶，多謝你❤
正式搬入天水圍！還是悲情城市嗎？這些地方你又有去過嗎？｜一日遊記  | Canon PowerShot V10【Pinky's Vlog】 - YouTube,以前天水圍稱悲情指交通唔方便及多人跳樓，現在已大大不同了！
正式搬入天水圍！還是悲情城市嗎？這些地方你又有去過嗎？｜一日遊記  | Canon PowerShot V10【Pinky's Vlog】 - YouTube,希望妳喺天水圍住耐啲啦！一定比市區舒服得多😊嘻嘻，又多位天水圍之友😂😂
正式搬入天水圍！還是悲情城市嗎？這些地方你又有去過嗎？｜一日遊記  | Canon PowerShot V10【Pinky's Vlog】 - YouTube,"天瑞去新北江其實幾分鐘就行到過去,一程輕鐵都係廿幾三十秒,等得輕鐘都已經行到過去🤣

Cafe 可以去天水圍北濕地公園果到,重點~天水圍""北"",天水圍""北""同天水圍""南""係兩個世界既人.

圖書館其實係綜合康樂大樓,重可以去看台睇人游水

天水圍依+都多左唔少有錢人,睇下濕地公園住House 果D😅"
正式搬入天水圍！還是悲情城市嗎？這些地方你又有去過嗎？｜一日遊記  | Canon PowerShot V10【Pinky's Vlog】 - YouTube,天水圍今非昔比啦，街道很闊落，商場食肆都很方便！ 話說佳能這款相機咁迷你，睇見有D心動添，以前帶部相機都覺得太占位置……
正式搬入天水圍！還是悲情城市嗎？這些地方你又有去過嗎？｜一日遊記  | Canon PowerShot V10【Pinky's Vlog】 - YouTube,新北江其實仲有好多美食，可以慢慢發掘。屏山圖書館係有室內泳池嘎！天耀附近蝦尾新村仲有華嫂冰室，天水圍好多打卡景點嘎。
正式搬入天水圍！還是悲情城市嗎？這些地方你又有去過嗎？｜一日遊記  | Canon PowerShot V10【Pinky's Vlog】 - YouTube,我係天水圍開荒牛。第一期入住  初期係高級公居  因冇人入住  房署把入住條件降低 符合居屋資格者馬上上樓。 92年入住四百元三人單位。新北江有八百伴。講真當年我返中環 真係從無怨言。
正式搬入天水圍！還是悲情城市嗎？這些地方你又有去過嗎？｜一日遊記  | Canon PowerShot V10【Pinky's Vlog】 - YouTube,介紹返每年年三十圖書館附近村屋都放烟花 🧨 ， 直迫維港質素😂 最佳觀賞地點 西鐵站行去圖書館天橋呢🎉
正式搬入天水圍！還是悲情城市嗎？這些地方你又有去過嗎？｜一日遊記  | Canon PowerShot V10【Pinky's Vlog】 - YouTube,天水圍有條好長嘅河流，日頭沿著單車徑隔離條行人路慢慢一直向前行，靜靜地睇下風景都幾好。
正式搬入天水圍！還是悲情城市嗎？這些地方你又有去過嗎？｜一日遊記  | Canon PowerShot V10【Pinky's Vlog】 - YouTube,上網睇吓，嘩！原來Canon整相機已經咁多年，佢真係俾咗我好大嘅驚喜👍好似電話由大哥大進化到宜家嘅細電話咁，一定要係咁細部相機，先至可以有拍攝嘅興趣，如果唔係拍一次，就好似做咕喱咁攰，真係死得，睇嚟呢部機都可以俾小朋友自由發揮，細細個就可以培養佢哋嘅拍攝興趣，更加可以增加佢哋嘅成就感💪鏡頭下嘅天水圍一的都唔悲情，天水圍嘅太陽一樣係日日昇起❤️
正式搬入天水圍！還是悲情城市嗎？這些地方你又有去過嗎？｜一日遊記  | Canon PowerShot V10【Pinky's Vlog】 - YouTube,仲有天水圍一時間有個叫‘’綠田園‘’嘅地方同一個叫‘’有义用‘’嘅地方都係有得燒嘢食仲有得還嘅好地方，綠田園比較緊天華邨同天恩邨附近，而有义用就比較遠少少要坐的士或渣私家車先可以入到去，佢旁邊仲有個War Game塲“W28”
正式搬入天水圍！還是悲情城市嗎？這些地方你又有去過嗎？｜一日遊記  | Canon PowerShot V10【Pinky's Vlog】 - YouTube,輕鐵好比日本路面電車 靜心下來 慢慢欣賞沿途風景 尤其係屯門來往天水圍個一段 。然後走上濕地公園旁個斜坡上 遠眺天水一色 放眼無盡 微風輕拂 寫意盈然 而妳就在身旁 好想追Pinky 妳哦😊
24小時爆食一萬卡路里｜細Jen 大Jen 仲有點心姨姨? ｜肥姨姨 fataunt - YouTube,爺爺，你講嘅YouTuber終於出片啦
24小時爆食一萬卡路里｜細Jen 大Jen 仲有點心姨姨? ｜肥姨姨 fataunt - YouTube,"挑戰成功！！！不如尼個20,000卡路里嘅挑戰！！支持肥姨！
Btw Jenny好靚女❤"
24小時爆食一萬卡路里｜細Jen 大Jen 仲有點心姨姨? ｜肥姨姨 fataunt - YouTube,Jenny 笑容好甜呀
24小時爆食一萬卡路里｜細Jen 大Jen 仲有點心姨姨? ｜肥姨姨 fataunt - YouTube,叫阿mar做嘉賓我肯定你唔會食得咁辛苦同飽😂
24小時爆食一萬卡路里｜細Jen 大Jen 仲有點心姨姨? ｜肥姨姨 fataunt - YouTube,jenny 笑得好好睇🙈
24小時爆食一萬卡路里｜細Jen 大Jen 仲有點心姨姨? ｜肥姨姨 fataunt - YouTube,雖然你都認自己肥左好多 但片尾真系頸都冇嘛😂快啲同囂張一齊拍減肥挑戰！！！
24小時爆食一萬卡路里｜細Jen 大Jen 仲有點心姨姨? ｜肥姨姨 fataunt - YouTube,為咗拍片犧牲體重辛苦你啦😢 jenny都好勁一個女仔肯同你食咁多嘢有啲女仔未必肯 始終女仔怕肥?
24小時爆食一萬卡路里｜細Jen 大Jen 仲有點心姨姨? ｜肥姨姨 fataunt - YouTube,大jenny好靚女😂
24小時爆食一萬卡路里｜細Jen 大Jen 仲有點心姨姨? ｜肥姨姨 fataunt - YouTube,我反而最想睇肥姨姨sell野食 特別係個lunch and 冬甩 係邊度買😹
24小時爆食一萬卡路里｜細Jen 大Jen 仲有點心姨姨? ｜肥姨姨 fataunt - YouTube,Jenny夜晚畫風突變笑死咗😂
24小時爆食一萬卡路里｜細Jen 大Jen 仲有點心姨姨? ｜肥姨姨 fataunt - YouTube,肥EE真人 勁nice ❤
24小時爆食一萬卡路里｜細Jen 大Jen 仲有點心姨姨? ｜肥姨姨 fataunt - YouTube,想睇多啲jenny!
24小時爆食一萬卡路里｜細Jen 大Jen 仲有點心姨姨? ｜肥姨姨 fataunt - YouTube,肥姨姨食到反胃 辛苦曬！既然撐大左個胃，不如試下去挑戰大胃王xd
24小時爆食一萬卡路里｜細Jen 大Jen 仲有點心姨姨? ｜肥姨姨 fataunt - YouTube,jenny 好靚
24小時爆食一萬卡路里｜細Jen 大Jen 仲有點心姨姨? ｜肥姨姨 fataunt - YouTube,第一次睇人食嘢咁痛苦 好似就死咁😂😂😂😂好鍾意睇呢類片😂
24小時爆食一萬卡路里｜細Jen 大Jen 仲有點心姨姨? ｜肥姨姨 fataunt - YouTube,去到6分鐘真係忍唔住要like！respect🤣
24小時爆食一萬卡路里｜細Jen 大Jen 仲有點心姨姨? ｜肥姨姨 fataunt - YouTube,肥姨姨有無搞錯，竟然無擺jenny個ig出來。
24小時爆食一萬卡路里｜細Jen 大Jen 仲有點心姨姨? ｜肥姨姨 fataunt - YouTube,我feel到姨姨你成條片keep住個頭微微顎高，以防個雙下巴吱咗出嚟😂😂
24小時爆食一萬卡路里｜細Jen 大Jen 仲有點心姨姨? ｜肥姨姨 fataunt - YouTube,肥姨真係好食得
24小時爆食一萬卡路里｜細Jen 大Jen 仲有點心姨姨? ｜肥姨姨 fataunt - YouTube,肥姨姨挑戰5萬卡路里 做大胃王
"走入""最豪華""康文署健身室︱值得參觀? - YouTube",下集不如去啲舊式啲嘅康文gym😂
"走入""最豪華""康文署健身室︱值得參觀? - YouTube",真係支持整返個康文署開箱體驗系列，覺得呢個幾好笑，而且又真係會睇到唔同場分別係咩
"走入""最豪華""康文署健身室︱值得參觀? - YouTube","我因為窮，從來只去康文。離島都去過，講些少特別的。

下次試下去全港最細間係荃灣西約同鳳琴街(鳳琴街以前有古老八爪魚機，而家冇了)
大角咀有史密夫，友愛有barbell(可換餅)，九龍公園啲機擺得好密
何文田夠大夠闊，花園街夠多人，天暉路操完上樓上跑步(有緩跑徑)
柴灣就有歌聽，駱克道分開兩邊場好遠，天水圍有個啊叔掉啞鈴掉左幾年。

其他冇乜特別位。

其實好多場都冇Cable"
"走入""最豪華""康文署健身室︱值得參觀? - YouTube","呢個系列肯定好正😂 去晒最爛嗰啲康文署健身室 同埋揀最多人嘅時候去
以前柴灣同深水埗我都見過十幾個人排一部機 用緊機嗰個人好似會俾人輪姦咁😂
又多傻佬"
"走入""最豪華""康文署健身室︱值得參觀? - YouTube","荃灣西約個場都好細，所以好多人都會去呢個荃灣新場，真心多人外都好正。
官涌神奇地有壺鈴
港灣道最鍾意去，夠闊落
見CM 都好多人講圓洲角，自己就覺得中規中距無咩大特別，個龍門架長期封咗一邊"
"走入""最豪華""康文署健身室︱值得參觀? - YouTube","其實康文署健身室都幾方便，夠晒多，淨係將軍澳區已經有六間。
期待最7康文署健身室系列。😂"
"走入""最豪華""康文署健身室︱值得參觀? - YouTube",支持 我覺得依集做得幾好，有d生活味既vlog
"走入""最豪華""康文署健身室︱值得參觀? - YouTube",坑口係我最鍾意間，其他要D一定好多間 我試過兩次行街經過入去玩 兩次都覺13蚊都浪費 一間係旺角 一家係黃大仙附近 之後唔再亂試😂
"走入""最豪華""康文署健身室︱值得參觀? - YouTube","因為工作關係周圍走,都去過過半康文署健身室,都係比$13一小時,但就間間都唔同標準,有D大場有幾千呎大把機用,最廢既場幾百呎得幾部機又有,有間九龍灣彩榮路其實比較少人知,可能個位都遠在山上面,但都幾大幾闊落又乾淨"
"走入""最豪華""康文署健身室︱值得參觀? - YouTube",终於有人講最實際內容🤣🤣🤣
"走入""最豪華""康文署健身室︱值得參觀? - YouTube",輪椅推胸個設施真心唔識，不過估唔到咁考慮殘疾人士訓練員需要，背後的原因卻令人暖心
"走入""最豪華""康文署健身室︱值得參觀? - YouTube","去荔景康文署佢日日播D 80-90年代既歌,上去之前又要行樓梯又可以熱身"
"走入""最豪華""康文署健身室︱值得參觀? - YouTube",康文署咁多嚟都好喜歡買Cybex。有D場入埋Rehab嘅器材，都幾好
"走入""最豪華""康文署健身室︱值得參觀? - YouTube","去一轉深水步康文, 就知依D係天堂"
"走入""最豪華""康文署健身室︱值得參觀? - YouTube",有無師兄試過天水圍部新的multi press 機？好用嗎？
"走入""最豪華""康文署健身室︱值得參觀? - YouTube","我住天水圍.其實我覺得天瑞體育館同元朗鳳琴街體育館係唔錯
對於疫情後復操既我係唔錯.整體為返fitness做準備係唔錯
除左去鳳琴街體育館拉背之外.整體操胸.膊.二三頭同腳都算唔錯
我都諗住康文署滿足唔到我既時候會返fitness.但冇barbell既情況下其實都可以操得唔錯
基本上係康文署操平均每部分都可以做到10幾個動作以上都冇問題"
"走入""最豪華""康文署健身室︱值得參觀? - YouTube",最近真係想去康文d健身室，依個介紹正呀
"走入""最豪華""康文署健身室︱值得參觀? - YouTube",一定要去天平體育館健身室 四面牆 機少人多 冇啞鈴 多阿伯阿婆
"走入""最豪華""康文署健身室︱值得參觀? - YouTube",做gym又唔係睇view靚乜啫！重要是設備足，用者自律又懂礼貌和尊重共享
"走入""最豪華""康文署健身室︱值得參觀? - YouTube",其實呢個題材幾好..介紹每個康文署健身室
Karl首戰 l 轟轟烈烈 l 有前無後打死罷就 - YouTube,Bulk得咁差都仲比佢衝，其實Terry作為教練都好大責任，唔係一味熱血想做就係正確
Karl首戰 l 轟轟烈烈 l 有前無後打死罷就 - YouTube,"真係好有heart！有決心和堅持，這點毫無疑問！！！
但估不到肌肉量這麼弱，很驚訝！因一直覺得karl有啲肉地和已操嘢一段長時間，原來一修身什麼也不見了，估唔到。off season真係要好好養肉！
（以上是我和一眾朋友們（有健身和玩比賽）看片後的感覺）
希望karl兩年後可大躍進上台，不要再令我們失望😶😶😶"
Karl首戰 l 轟轟烈烈 l 有前無後打死罷就 - YouTube,以前比賽前修身踩機，d汗係咁滴入眼，又帶眼鏡，都唔知係汗定流緊眼淚😢真係好辛苦，但賽後真係知道自己弱點，非常大得益，加油
Karl首戰 l 轟轟烈烈 l 有前無後打死罷就 - YouTube,真心睇得出你好比心機 繼續努力 呢次係你踏向成功既第一步❤
Karl首戰 l 轟轟烈烈 l 有前無後打死罷就 - YouTube,"能夠捱到上到台，已經達標!
成績唔緊要，下次努力上磅，再修身，必定更好👍👍👍👍"
Karl首戰 l 轟轟烈烈 l 有前無後打死罷就 - YouTube,真心尊重🫡 過程好靠意志力，唔易做到🫡
Karl首戰 l 轟轟烈烈 l 有前無後打死罷就 - YouTube,KOFGYM最感動的一集👍
Karl首戰 l 轟轟烈烈 l 有前無後打死罷就 - YouTube,"🍔:我再睇反你上年參賽時的視頻,唔知點解哭了出嚟,多謝你哋的認真、勇氣,勉勵咗我😸👍👍👍"
Karl首戰 l 轟轟烈烈 l 有前無後打死罷就 - YouTube,"你有這個目標,已經贏咗自己,享受這個出場表演機會,唔係唾手可得👍👍👍"
Karl首戰 l 轟轟烈烈 l 有前無後打死罷就 - YouTube,好睇 好熱血 果句健美比賽係咁 聽落去好不甘 好有感覺 加油。
Karl首戰 l 轟轟烈烈 l 有前無後打死罷就 - YouTube,雖敗猶榮，收到咁乾真係唔係咁易👍👍👍
Karl首戰 l 轟轟烈烈 l 有前無後打死罷就 - YouTube,"堅持既毅力已經好勁，respect
加油💪"
Karl首戰 l 轟轟烈烈 l 有前無後打死罷就 - YouTube,能夠上台已經嬴左💪🏻 重有機會再創傳奇😊
Karl首戰 l 轟轟烈烈 l 有前無後打死罷就 - YouTube,為目標努力既人都值得讚賞
Karl首戰 l 轟轟烈烈 l 有前無後打死罷就 - YouTube,真心唔容易心態好強，加油🫡🔥
Karl首戰 l 轟轟烈烈 l 有前無後打死罷就 - YouTube,"收到禁乾真係西利既，戒口戒到仆街啦🤣🤣真心佩服，
不過黎緊兩年，二，三頭，膊頭都要落d苦工啦，期待你再去比賽😆👍🏻👏🏻👏🏻👏🏻"
Karl首戰 l 轟轟烈烈 l 有前無後打死罷就 - YouTube,"拍得好正, 好有documentary 味
karl, 拍落隔離唔失禮呀, 第一次比賽算有交代啦, 下次就champ 啦"
Karl首戰 l 轟轟烈烈 l 有前無後打死罷就 - YouTube,好感人，男人的浪漫🙏💪👍
Karl首戰 l 轟轟烈烈 l 有前無後打死罷就 - YouTube,堅啊，加油💪🏻唔氣餒，再接再厲！
Karl首戰 l 轟轟烈烈 l 有前無後打死罷就 - YouTube,這肉量 勇氣十足
大爆料🔥 ChillUp吵架實錄... 這半年間不想提及的一件事💬人際關係真的好複雜😂😂 友情決裂後如何解開誤會❓@violetssss_ 超準占卜後有和好如初嗎 ? | ANTON通通拍 - YouTube,"▼ 試用 Surfshark VPN: 
https://surfshark.deals/anton
記得使用優惠碼 "" Anton "" 就會有獨家優惠~~"
大爆料🔥 ChillUp吵架實錄... 這半年間不想提及的一件事💬人際關係真的好複雜😂😂 友情決裂後如何解開誤會❓@violetssss_ 超準占卜後有和好如初嗎 ? | ANTON通通拍 - YouTube,果然真。八卦特別好睇🤣笑死
大爆料🔥 ChillUp吵架實錄... 這半年間不想提及的一件事💬人際關係真的好複雜😂😂 友情決裂後如何解開誤會❓@violetssss_ 超準占卜後有和好如初嗎 ? | ANTON通通拍 - YouTube,"今集好搞笑得嚟又學到啲人際關係上嘅嘢☀️好睇!
Anton同Tim嘅火花應該係Chill Up入面最犀利嘅🙈

Btw Joen笑到喊真係好有趣😹❤️"
大爆料🔥 ChillUp吵架實錄... 這半年間不想提及的一件事💬人際關係真的好複雜😂😂 友情決裂後如何解開誤會❓@violetssss_ 超準占卜後有和好如初嗎 ? | ANTON通通拍 - YouTube,"係敏感嘅Timsung遇上無咁敏感嘅其他人同極唔敏感嘅Anton
件衫真係有啲癲😂
原來chillup拍片係無人記得文案 連Tim特別開嘅工作group都變吹水group，咁一個group咪得，反正都無分別😂
想像唔到阿翔會同人嘈交，所以都無捲入chillup嘈交事件？"
大爆料🔥 ChillUp吵架實錄... 這半年間不想提及的一件事💬人際關係真的好複雜😂😂 友情決裂後如何解開誤會❓@violetssss_ 超準占卜後有和好如初嗎 ? | ANTON通通拍 - YouTube,"好同意Tim個講法
就算對方講左sorry, sorry完之後又繼續重覆做同一件事
呢個sorry仲難聽過粗口

何來係唔係都要say左sorry先咁假呢？"
大爆料🔥 ChillUp吵架實錄... 這半年間不想提及的一件事💬人際關係真的好複雜😂😂 友情決裂後如何解開誤會❓@violetssss_ 超準占卜後有和好如初嗎 ? | ANTON通通拍 - YouTube,8:30好少見Violet嬲到叫人收皮😅😅證明今次真係好嬲😶‍🌫😶‍🌫希望可以拍多D呢一類型片😍😍笑死!🤣🤣
大爆料🔥 ChillUp吵架實錄... 這半年間不想提及的一件事💬人際關係真的好複雜😂😂 友情決裂後如何解開誤會❓@violetssss_ 超準占卜後有和好如初嗎 ? | ANTON通通拍 - YouTube,"我明Tim點解嬲喎😂😂😂 俾我開個工作group然後大家夾硬要喺入面討論啲得少少關係嘅嘢，我都嬲😂
5:11 但係究竟點解joen嬲呢？
8:38 比較擔心Tim 同Violet嘅關係🤣🤣
10:10 我同添對朋友嘅諗法真係好似"
大爆料🔥 ChillUp吵架實錄... 這半年間不想提及的一件事💬人際關係真的好複雜😂😂 友情決裂後如何解開誤會❓@violetssss_ 超準占卜後有和好如初嗎 ? | ANTON通通拍 - YouTube,幾經辛苦終於出到哩條片😂😂
大爆料🔥 ChillUp吵架實錄... 這半年間不想提及的一件事💬人際關係真的好複雜😂😂 友情決裂後如何解開誤會❓@violetssss_ 超準占卜後有和好如初嗎 ? | ANTON通通拍 - YouTube,😂😂😂😂😂唔講都唔記得點解timtim會嬲，默默地係gp食左好耐花生😂
大爆料🔥 ChillUp吵架實錄... 這半年間不想提及的一件事💬人際關係真的好複雜😂😂 友情決裂後如何解開誤會❓@violetssss_ 超準占卜後有和好如初嗎 ? | ANTON通通拍 - YouTube,開頭三五分鐘完全係笑住笑住咁睇過來嘅😂😂😂😂😂😂
大爆料🔥 ChillUp吵架實錄... 這半年間不想提及的一件事💬人際關係真的好複雜😂😂 友情決裂後如何解開誤會❓@violetssss_ 超準占卜後有和好如初嗎 ? | ANTON通通拍 - YouTube,"全部人對件事反應完全錯晒😂
成件事變得好奇怪😂"
大爆料🔥 ChillUp吵架實錄... 這半年間不想提及的一件事💬人際關係真的好複雜😂😂 友情決裂後如何解開誤會❓@violetssss_ 超準占卜後有和好如初嗎 ? | ANTON通通拍 - YouTube,笑死我😂😂😂笑到我肚痛🤣🤣🤣
大爆料🔥 ChillUp吵架實錄... 這半年間不想提及的一件事💬人際關係真的好複雜😂😂 友情決裂後如何解開誤會❓@violetssss_ 超準占卜後有和好如初嗎 ? | ANTON通通拍 - YouTube,成條片笑到癲😂😂
大爆料🔥 ChillUp吵架實錄... 這半年間不想提及的一件事💬人際關係真的好複雜😂😂 友情決裂後如何解開誤會❓@violetssss_ 超準占卜後有和好如初嗎 ? | ANTON通通拍 - YouTube,好想睇多啲情侶你同阿翔
大爆料🔥 ChillUp吵架實錄... 這半年間不想提及的一件事💬人際關係真的好複雜😂😂 友情決裂後如何解開誤會❓@violetssss_ 超準占卜後有和好如初嗎 ? | ANTON通通拍 - YouTube,雖然好好睇但唔明點解唔係出在chill up係在ANTON這裡
大爆料🔥 ChillUp吵架實錄... 這半年間不想提及的一件事💬人際關係真的好複雜😂😂 友情決裂後如何解開誤會❓@violetssss_ 超準占卜後有和好如初嗎 ? | ANTON通通拍 - YouTube,笑死😂😂😂😂😂😂😂
大爆料🔥 ChillUp吵架實錄... 這半年間不想提及的一件事💬人際關係真的好複雜😂😂 友情決裂後如何解開誤會❓@violetssss_ 超準占卜後有和好如初嗎 ? | ANTON通通拍 - YouTube,我都覺得TimSungMusic係要特別照顧既體質😅
大爆料🔥 ChillUp吵架實錄... 這半年間不想提及的一件事💬人際關係真的好複雜😂😂 友情決裂後如何解開誤會❓@violetssss_ 超準占卜後有和好如初嗎 ? | ANTON通通拍 - YouTube,"😂😂...笑L死
😂😂😂😂😂"
大爆料🔥 ChillUp吵架實錄... 這半年間不想提及的一件事💬人際關係真的好複雜😂😂 友情決裂後如何解開誤會❓@violetssss_ 超準占卜後有和好如初嗎 ? | ANTON通通拍 - YouTube,台前幕後關愛台個頭像係Joen短髮xd😂
大爆料🔥 ChillUp吵架實錄... 這半年間不想提及的一件事💬人際關係真的好複雜😂😂 友情決裂後如何解開誤會❓@violetssss_ 超準占卜後有和好如初嗎 ? | ANTON通通拍 - YouTube,🤣🤣🤣🤣笑撚死
